[
{
  "model": "products.product",
  "pk": 6,
  "fields": {
    "name": "ZigBee Mini Hub",
    "price": 1150000,
    "category": "smart_panels",
    "description": "A compact smart home hub that connects and controls multiple ZigBee devices from a single interface. It enables seamless automation, remote control, and integration with other smart systems for improved home efficiency.",
    "image": "https://res.cloudinary.com/dkdd5pfl0/image/upload/v1775555181/ZigBee_Mini_vwbmml.png",
    "specs": [
      "Connectivity: Zigbee",
      "Power: USB / DC Power Input",
      "Function: Smart Home Device Hub (Zigbee Gateway)",
      "Device Support: Multiple Zigbee Smart Devices",
      "Control: Mobile App Integration",
      "Communication: Wireless Mesh Networking (Zigbee Protocol)",
      "Installation: Plug-and-Play Setup",
      "Compatibility: Smart Home Ecosystem Integration"
    ],
    "in_stock": true,
    "featured": true,
    "created_at": "2026-04-12T07:46:21.377Z"
  }
},
{
  "model": "products.product",
  "pk": 7,
  "fields": {
    "name": "MixSwitch",
    "price": 80000,
    "category": "smart_switches",
    "description": "A Zigbee‑based smart wall switch panel that replaces traditional light switches to deliver both manual and automated control of lighting circuits. It supports 1‑gang to multi‑gang configurations, integrates with smart home systems via a Zigbee gateway, and enables scene creation, remote control, and coordinated lighting behaviors for improved home automation.",
    "image": "https://res.cloudinary.com/dkdd5pfl0/image/upload/v1775557125/MixSwitch_j36vnc.png",
    "specs": [
      "Connectivity: WiFi",
      "Material: Tempered Glass",
      "Power: 220V",
      "Warranty: 1 Year"
    ],
    "in_stock": true,
    "featured": true,
    "created_at": "2026-04-12T08:03:10.945Z"
  }
},
{
  "model": "products.product",
  "pk": 8,
  "fields": {
    "name": "Smart IP Camera",
    "price": 90000,
    "category": "home_security",
    "description": "A smart indoor surveillance camera that streams live video and detects motion, sending alerts to your mobile device through the HomeMate app. It includes features like night vision, two‑way audio for communication, and cloud or micro SD recording to monitor people, pets, or property remotely for enhanced home security.",
    "image": "https://res.cloudinary.com/dkdd5pfl0/image/upload/v1775557140/Smart_IP_Camera_cpygxc.png",
    "specs": [
      "Connectivity: WiFi",
      "Power: DC Power Adapter / USB",
      "Video Resolution: HD/Full HD Streaming",
      "Features: Motion Detection + Night Vision + Two-Way Audio",
      "Storage: Cloud Storage + MicroSD Card Support",
      "Control: Mobile App Remote Viewing",
      "Installation: Indoor Tabletop or Wall Mount",
      "Compatibility: Smart Home App Integration"
    ],
    "in_stock": true,
    "featured": true,
    "created_at": "2026-04-12T08:04:38.656Z"
  }
},
{
  "model": "products.product",
  "pk": 9,
  "fields": {
    "name": "Smart Magnetic Floodlight",
    "price": 50000,
    "category": "smart_lighting",
    "description": "A Zigbee‑enabled magnetic track floodlight module designed for indoor smart lighting systems, providing a wide and even spread of ambient illumination. It integrates with compatible smart home controllers to support app control, scene automation, tunable white color temperature, and smooth dimming for adaptable lighting setups.",
    "image": "https://res.cloudinary.com/dkdd5pfl0/image/upload/v1775558190/Smart_Magnetic_Floodlight_mogzt7.png",
    "specs": [
      "Connectivity: Zigbee",
      "Power: AC Mains",
      "Lighting Type: Magnetic Track Floodlight Module",
      "Control: App Control + Scene Automation + Dimming",
      "Color Temperature: Adjustable White Light",
      "Installation: Magnetic Track Ceiling Mount System",
      "Compatibility: Smart Home Hub Integration",
      "Material: Aluminum Alloy Housing"
    ],
    "in_stock": true,
    "featured": true,
    "created_at": "2026-04-12T08:05:45.675Z"
  }
},
{
  "model": "products.product",
  "pk": 10,
  "fields": {
    "name": "In Wall Switch",
    "price": 10000,
    "category": "smart_switches",
    "description": "Zigbee‑based smart retrofit module that converts traditional wired light switches into intelligent, app‑controlled switches without needing complex rewiring or a neutral line. Installed behind existing wall plates, it enables remote control, schedule automation, and integration with other ORVIBO smart devices through the HomeMate app or a Zigbee hub for unified lighting automation.",
    "image": "https://res.cloudinary.com/dkdd5pfl0/image/upload/v1775557077/In_Wall_Switch_ww3wgu.png",
    "specs": [
      "Connectivity: Zigbee",
      "Power: AC Mains (Live Wire)",
      "Installation: In-Wall Retrofit Module (Behind Existing Switch Panel)",
      "Control: App Control + Manual Wall Switch + Scene Automation",
      "Compatibility: Smart Home Hub Integration",
      "Load Type: Lighting Circuits",
      "Material: Flame-Retardant PC Housing"
    ],
    "in_stock": true,
    "featured": true,
    "created_at": "2026-04-12T08:07:01.239Z"
  }
},
{
  "model": "products.product",
  "pk": 11,
  "fields": {
    "name": "Smart Magnetic Chandelier",
    "price": 450000,
    "category": "smart_lighting",
    "description": "A modular smart lighting fixture that uses magnetic connectors for flexible assembly and placement, allowing tailored chandelier configurations. It connects via Zigbee to a smart home hub for remote control, scheduling, dimming, and scene integration, enabling adaptive ambient lighting with app or voice control.",
    "image": "https://res.cloudinary.com/dkdd5pfl0/image/upload/v1775558239/Smart_Magnetic_Chandelier_ugqhvy.png",
    "specs": [
      "Connectivity: Zigbee",
      "Power: AC Mains",
      "Lighting Type: Modular Magnetic LED Chandelier System",
      "Control: App Control + Scene Automation + Dimming",
      "Color Temperature: Adjustable White Light (Warm to Cool)",
      "Installation: Magnetic Track Ceiling Mount",
      "Compatibility: Smart Home Hub Integration",
      "Material: Aluminum Alloy + LED Modules"
    ],
    "in_stock": true,
    "featured": true,
    "created_at": "2026-04-12T08:08:21.273Z"
  }
},
{
  "model": "products.product",
  "pk": 12,
  "fields": {
    "name": "MixPad M2",
    "price": 249999,
    "category": "smart_panels",
    "description": "A wall-mounted smart control panel with a built-in touchscreen that centralizes control of lighting, security, climate, and other smart devices. It functions as a Zigbee gateway and scene controller, enabling automation, real-time monitoring, and seamless interaction with the entire smart home ecosystem from a single interface.",
    "image": "https://res.cloudinary.com/dkdd5pfl0/image/upload/v1775982544/MixPad_M2_ds1vv7.png",
    "specs": [
      "Display: Touchscreen Control Panel",
      "Connectivity: Zigbee + WiFi (Gateway Function)",
      "Power: AC Mains (Wall Mounted)",
      "Control: Lighting, Security, Climate, Scenes",
      "Installation: In-Wall Flush Mount",
      "Compatibility: Orvibo Smart Ecosystem Devices",
      "Functions: Smart Home Central Controller + Scene Automation",
      "Material: Tempered Glass Touch Surface"
    ],
    "in_stock": true,
    "featured": false,
    "created_at": "2026-04-13T17:03:10.605Z"
  }
},
{
  "model": "products.product",
  "pk": 14,
  "fields": {
    "name": "MixPad Matter",
    "price": 350000,
    "category": "smart_panels",
    "description": "A smart wall control panel that acts as a central interface for managing connected home devices across lighting, security, and climate systems. It supports the Matter smart home standard, allowing interoperability with multiple brands and ecosystems while enabling scene control, automation, and unified device management from one screen.",
    "image": "https://res.cloudinary.com/dkdd5pfl0/image/upload/v1775983649/MixPad_Matter_gdencr.png",
    "specs": [
      "Connectivity: WiFi",
      "Material: Tempered Glass",
      "Power: 220V",
      "Warranty: 1 Year"
    ],
    "in_stock": true,
    "featured": false,
    "created_at": "2026-04-17T06:47:30.426Z"
  }
},
{
  "model": "products.product",
  "pk": 15,
  "fields": {
    "name": "Door Sensor SM11",
    "price": 20000,
    "category": "home_security",
    "description": "A Zigbee-based smart door sensor designed to detect the opening and closing of doors or windows in real time. It triggers instant alerts and automation routines through a connected smart home hub, enabling improved security monitoring and energy-efficient control of other devices such as lights and alarms.",
    "image": "https://res.cloudinary.com/dkdd5pfl0/image/upload/v1781786319/Door_Sensor_SM11_lujvfj.jpg",
    "specs": [
      "Connectivity: Zigbee",
      "Power: Battery Powered",
      "Installation: Adhesive Mount (Door/Window Frame)",
      "Detection Type: Magnetic Contact Sensor"
    ],
    "in_stock": true,
    "featured": false,
    "created_at": "2026-06-18T12:42:46.163Z"
  }
},
{
  "model": "products.product",
  "pk": 16,
  "fields": {
    "name": "Smoke Sensor",
    "price": 40000,
    "category": "home_security",
    "description": "A smart smoke sensor designed to detect early signs of smoke and potential fire hazards in real time. It triggers loud local alarms and sends instant notifications to a connected smart home system, enabling quick response and improved home safety.",
    "image": "https://res.cloudinary.com/dkdd5pfl0/image/upload/v1781786327/Smoke_Sensor_ucywwf.png",
    "specs": [
      "Connectivity: Zigbee",
      "Power: Battery Powered",
      "Detection Type: Photoelectric Smoke Detection",
      "Alarm: Built-in Siren",
      "Installation: Ceiling or Wall Mount"
    ],
    "in_stock": true,
    "featured": false,
    "created_at": "2026-06-18T12:59:11.747Z"
  }
},
{
  "model": "products.product",
  "pk": 17,
  "fields": {
    "name": "Water Leakage Sensor",
    "price": 30000,
    "category": "home_security",
    "description": "A smart water leakage sensor designed to detect the presence of water or flooding in real time from areas such as bathrooms, kitchens, or under appliances. It triggers instant alerts through a connected smart home hub, helping prevent water damage and enabling fast response to leaks.",
    "image": "https://res.cloudinary.com/dkdd5pfl0/image/upload/v1781786319/Water_Leakage_Sensor_soxiny.png",
    "specs": [
      "Connectivity: Zigbee",
      "Power: Battery Powered",
      "Detection Type: Conductive Water Sensing Probes",
      "Alert: App Notification + Optional Alarm via Hub",
      "Installation: Floor Placement (Low-Level Surface Detection)"
    ],
    "in_stock": true,
    "featured": false,
    "created_at": "2026-06-18T13:01:09.222Z"
  }
},
{
  "model": "products.productimage",
  "pk": 1,
  "fields": {
    "product": 7,
    "image": "https://res.cloudinary.com/dkdd5pfl0/image/upload/v1775557125/MixSwitch_j36vnc.png"
  }
},
{
  "model": "products.productimage",
  "pk": 4,
  "fields": {
    "product": 14,
    "image": "https://res.cloudinary.com/dkdd5pfl0/image/upload/v1775983649/MixPad_Matter_gdencr.png"
  }
},
{
  "model": "products.productimage",
  "pk": 5,
  "fields": {
    "product": 14,
    "image": "https://res.cloudinary.com/dkdd5pfl0/image/upload/v1781702785/Mixpad_Matter_1_b30tnf.png"
  }
},
{
  "model": "products.productimage",
  "pk": 6,
  "fields": {
    "product": 14,
    "image": "https://res.cloudinary.com/dkdd5pfl0/image/upload/v1781702785/Mixpad_Matter_2_w4kpyb.png"
  }
},
{
  "model": "products.productimage",
  "pk": 7,
  "fields": {
    "product": 14,
    "image": "https://res.cloudinary.com/dkdd5pfl0/image/upload/v1781702785/Mixpad_Matter_3_hp1ubk.png"
  }
},
{
  "model": "products.productimage",
  "pk": 8,
  "fields": {
    "product": 15,
    "image": "https://res.cloudinary.com/dkdd5pfl0/image/upload/v1781786319/Door_Sensor_SM11_lujvfj.jpg"
  }
},
{
  "model": "products.productimage",
  "pk": 9,
  "fields": {
    "product": 15,
    "image": "https://res.cloudinary.com/dkdd5pfl0/image/upload/v1781786316/Door_Sensor_SM11_1_n6byuq.jpg"
  }
},
{
  "model": "products.productimage",
  "pk": 10,
  "fields": {
    "product": 15,
    "image": "https://res.cloudinary.com/dkdd5pfl0/image/upload/v1781786316/Door_Sensor_SM11_2_jpypnz.jpg"
  }
},
{
  "model": "products.productimage",
  "pk": 11,
  "fields": {
    "product": 16,
    "image": "https://res.cloudinary.com/dkdd5pfl0/image/upload/v1781786327/Smoke_Sensor_ucywwf.png"
  }
},
{
  "model": "products.productimage",
  "pk": 12,
  "fields": {
    "product": 16,
    "image": "https://res.cloudinary.com/dkdd5pfl0/image/upload/v1781786323/Smoke_Sensor_1_peqotr.png"
  }
},
{
  "model": "products.productimage",
  "pk": 13,
  "fields": {
    "product": 16,
    "image": "https://res.cloudinary.com/dkdd5pfl0/image/upload/v1781786322/Smoke_Sensor_2_l3curi.png"
  }
},
{
  "model": "products.productimage",
  "pk": 14,
  "fields": {
    "product": 17,
    "image": "https://res.cloudinary.com/dkdd5pfl0/image/upload/v1781786319/Water_Leakage_Sensor_soxiny.png"
  }
},
{
  "model": "products.productimage",
  "pk": 15,
  "fields": {
    "product": 17,
    "image": "https://res.cloudinary.com/dkdd5pfl0/image/upload/v1781786323/Water_Leakage_Sensor_1_y74t52.png"
  }
},
{
  "model": "products.productimage",
  "pk": 16,
  "fields": {
    "product": 12,
    "image": "https://res.cloudinary.com/dkdd5pfl0/image/upload/v1775982544/MixPad_M2_ds1vv7.png"
  }
},
{
  "model": "products.productimage",
  "pk": 17,
  "fields": {
    "product": 11,
    "image": "https://res.cloudinary.com/dkdd5pfl0/image/upload/v1775558239/Smart_Magnetic_Chandelier_ugqhvy.png"
  }
},
{
  "model": "products.productimage",
  "pk": 18,
  "fields": {
    "product": 10,
    "image": "https://res.cloudinary.com/dkdd5pfl0/image/upload/v1775557077/In_Wall_Switch_ww3wgu.png"
  }
},
{
  "model": "products.productimage",
  "pk": 19,
  "fields": {
    "product": 9,
    "image": "https://res.cloudinary.com/dkdd5pfl0/image/upload/v1775558190/Smart_Magnetic_Floodlight_mogzt7.png"
  }
},
{
  "model": "products.productimage",
  "pk": 20,
  "fields": {
    "product": 8,
    "image": "https://res.cloudinary.com/dkdd5pfl0/image/upload/v1775557140/Smart_IP_Camera_cpygxc.png"
  }
},
{
  "model": "products.productimage",
  "pk": 21,
  "fields": {
    "product": 6,
    "image": "https://res.cloudinary.com/dkdd5pfl0/image/upload/v1775555181/ZigBee_Mini_vwbmml.png"
  }
},
{
  "model": "products.order",
  "pk": 1,
  "fields": {
    "full_name": "Prosper Ekube",
    "email": "prosperekube@testgmail.com",
    "phone": "",
    "amount": 1250000,
    "status": "pending",
    "paystack_ref": null,
    "created_at": "2026-04-19T18:17:11.540Z"
  }
},
{
  "model": "products.order",
  "pk": 2,
  "fields": {
    "full_name": "Prosper",
    "email": "test@mail.com",
    "phone": "",
    "amount": 70000,
    "status": "pending",
    "paystack_ref": null,
    "created_at": "2026-04-19T18:27:13.802Z"
  }
},
{
  "model": "products.order",
  "pk": 3,
  "fields": {
    "full_name": "Prosper",
    "email": "test@mail.com",
    "phone": "",
    "amount": 980000,
    "status": "pending",
    "paystack_ref": null,
    "created_at": "2026-04-21T04:07:37.328Z"
  }
},
{
  "model": "products.order",
  "pk": 4,
  "fields": {
    "full_name": "Prosper",
    "email": "test@mail.com",
    "phone": "",
    "amount": 1150000,
    "status": "pending",
    "paystack_ref": null,
    "created_at": "2026-04-21T04:17:00.607Z"
  }
},
{
  "model": "products.order",
  "pk": 5,
  "fields": {
    "full_name": "Prosper",
    "email": "test@mail.com",
    "phone": "",
    "amount": 980000,
    "status": "pending",
    "paystack_ref": null,
    "created_at": "2026-04-21T04:40:18.353Z"
  }
},
{
  "model": "products.order",
  "pk": 6,
  "fields": {
    "full_name": "Prosper",
    "email": "test@mail.com",
    "phone": "",
    "amount": 980000,
    "status": "pending",
    "paystack_ref": null,
    "created_at": "2026-04-21T04:40:41.231Z"
  }
},
{
  "model": "products.order",
  "pk": 7,
  "fields": {
    "full_name": "Prosper",
    "email": "test@mail.com",
    "phone": "",
    "amount": 980000,
    "status": "pending",
    "paystack_ref": null,
    "created_at": "2026-04-21T04:43:56.328Z"
  }
},
{
  "model": "products.order",
  "pk": 8,
  "fields": {
    "full_name": "Prosper",
    "email": "test@mail.com",
    "phone": "",
    "amount": 980000,
    "status": "pending",
    "paystack_ref": null,
    "created_at": "2026-04-21T05:01:31.849Z"
  }
},
{
  "model": "products.order",
  "pk": 9,
  "fields": {
    "full_name": "Prosper",
    "email": "test@mail.com",
    "phone": "",
    "amount": 980000,
    "status": "pending",
    "paystack_ref": null,
    "created_at": "2026-04-21T05:01:59.235Z"
  }
},
{
  "model": "products.order",
  "pk": 10,
  "fields": {
    "full_name": "Prosper",
    "email": "test@mail.com",
    "phone": "",
    "amount": 980000,
    "status": "pending",
    "paystack_ref": null,
    "created_at": "2026-04-21T05:03:02.072Z"
  }
},
{
  "model": "products.order",
  "pk": 11,
  "fields": {
    "full_name": "Prosper",
    "email": "test@mail.com",
    "phone": "",
    "amount": 980000,
    "status": "pending",
    "paystack_ref": null,
    "created_at": "2026-04-21T05:05:16.417Z"
  }
},
{
  "model": "products.order",
  "pk": 12,
  "fields": {
    "full_name": "Prosper",
    "email": "test@mail.com",
    "phone": "",
    "amount": 980000,
    "status": "pending",
    "paystack_ref": null,
    "created_at": "2026-04-21T05:17:12.118Z"
  }
},
{
  "model": "products.order",
  "pk": 13,
  "fields": {
    "full_name": "Prosper",
    "email": "test@mail.com",
    "phone": "",
    "amount": 980000,
    "status": "pending",
    "paystack_ref": null,
    "created_at": "2026-04-21T05:18:25.057Z"
  }
},
{
  "model": "products.order",
  "pk": 14,
  "fields": {
    "full_name": "Prosper",
    "email": "test@mail.com",
    "phone": "",
    "amount": 1150000,
    "status": "pending",
    "paystack_ref": null,
    "created_at": "2026-04-21T05:25:58.124Z"
  }
},
{
  "model": "products.order",
  "pk": 15,
  "fields": {
    "full_name": "Prosper",
    "email": "test@mail.com",
    "phone": "",
    "amount": 1150000,
    "status": "pending",
    "paystack_ref": null,
    "created_at": "2026-04-21T05:30:26.768Z"
  }
},
{
  "model": "products.order",
  "pk": 16,
  "fields": {
    "full_name": "Prosper",
    "email": "test@mail.com",
    "phone": "",
    "amount": 1150000,
    "status": "pending",
    "paystack_ref": null,
    "created_at": "2026-04-21T05:35:41.585Z"
  }
},
{
  "model": "products.order",
  "pk": 17,
  "fields": {
    "full_name": "Prosper",
    "email": "test@mail.com",
    "phone": "",
    "amount": 1150000,
    "status": "pending",
    "paystack_ref": null,
    "created_at": "2026-04-21T05:41:55.502Z"
  }
},
{
  "model": "products.order",
  "pk": 18,
  "fields": {
    "full_name": "Prosper",
    "email": "test@mail.com",
    "phone": "",
    "amount": 1150000,
    "status": "pending",
    "paystack_ref": null,
    "created_at": "2026-04-21T06:01:06.013Z"
  }
},
{
  "model": "products.order",
  "pk": 19,
  "fields": {
    "full_name": "Prosper",
    "email": "test@mail.com",
    "phone": "",
    "amount": 1150000,
    "status": "pending",
    "paystack_ref": null,
    "created_at": "2026-04-21T06:05:29.390Z"
  }
},
{
  "model": "products.order",
  "pk": 20,
  "fields": {
    "full_name": "Prosper",
    "email": "test@mail.com",
    "phone": "",
    "amount": 1150000,
    "status": "pending",
    "paystack_ref": "order_20",
    "created_at": "2026-04-21T13:32:50.573Z"
  }
},
{
  "model": "products.order",
  "pk": 21,
  "fields": {
    "full_name": "Prosper",
    "email": "test@mail.com",
    "phone": "",
    "amount": 1150000,
    "status": "paid",
    "paystack_ref": "order_21",
    "created_at": "2026-04-21T13:52:56.474Z"
  }
},
{
  "model": "products.order",
  "pk": 22,
  "fields": {
    "full_name": "Prosper",
    "email": "test@mail.com",
    "phone": "",
    "amount": 1150000,
    "status": "pending",
    "paystack_ref": "order_22",
    "created_at": "2026-04-21T14:05:12.297Z"
  }
},
{
  "model": "products.order",
  "pk": 23,
  "fields": {
    "full_name": "Prosper",
    "email": "test@mail.com",
    "phone": "",
    "amount": 10000,
    "status": "paid",
    "paystack_ref": "order_23",
    "created_at": "2026-04-21T14:06:59.559Z"
  }
},
{
  "model": "products.order",
  "pk": 24,
  "fields": {
    "full_name": "Prosper",
    "email": "test@mail.com",
    "phone": "",
    "amount": 50000,
    "status": "paid",
    "paystack_ref": "order_24",
    "created_at": "2026-04-21T14:07:42.784Z"
  }
},
{
  "model": "products.order",
  "pk": 25,
  "fields": {
    "full_name": "Prosper",
    "email": "test@mail.com",
    "phone": "",
    "amount": 450000,
    "status": "paid",
    "paystack_ref": "order_25",
    "created_at": "2026-04-21T16:02:52.210Z"
  }
},
{
  "model": "products.order",
  "pk": 26,
  "fields": {
    "full_name": "Prosper",
    "email": "test@mail.com",
    "phone": "",
    "amount": 50000,
    "status": "paid",
    "paystack_ref": "order_26",
    "created_at": "2026-04-21T16:04:15.892Z"
  }
},
{
  "model": "products.order",
  "pk": 27,
  "fields": {
    "full_name": "Prosper",
    "email": "test@mail.com",
    "phone": "",
    "amount": 980000,
    "status": "paid",
    "paystack_ref": "order_27",
    "created_at": "2026-04-22T05:32:18.406Z"
  }
},
{
  "model": "products.order",
  "pk": 28,
  "fields": {
    "full_name": "Prosper",
    "email": "test@mail.com",
    "phone": "",
    "amount": 1150000,
    "status": "pending",
    "paystack_ref": null,
    "created_at": "2026-06-18T08:45:48.972Z"
  }
},
{
  "model": "products.order",
  "pk": 29,
  "fields": {
    "full_name": "Prosper",
    "email": "test@mail.com",
    "phone": "",
    "amount": 1150000,
    "status": "pending",
    "paystack_ref": null,
    "created_at": "2026-06-18T08:46:00.429Z"
  }
},
{
  "model": "products.order",
  "pk": 30,
  "fields": {
    "full_name": "Prosper",
    "email": "test@mail.com",
    "phone": "",
    "amount": 1150000,
    "status": "pending",
    "paystack_ref": "order_30",
    "created_at": "2026-06-18T08:46:04.523Z"
  }
},
{
  "model": "products.order",
  "pk": 31,
  "fields": {
    "full_name": "Prosper",
    "email": "test@mail.com",
    "phone": "",
    "amount": 1150000,
    "status": "pending",
    "paystack_ref": "order_31",
    "created_at": "2026-06-18T08:46:04.921Z"
  }
},
{
  "model": "products.order",
  "pk": 32,
  "fields": {
    "full_name": "Prosper",
    "email": "test@mail.com",
    "phone": "",
    "amount": 1150000,
    "status": "pending",
    "paystack_ref": null,
    "created_at": "2026-06-18T08:46:05.109Z"
  }
},
{
  "model": "products.order",
  "pk": 33,
  "fields": {
    "full_name": "Prosper",
    "email": "test@mail.com",
    "phone": "",
    "amount": 1150000,
    "status": "pending",
    "paystack_ref": null,
    "created_at": "2026-06-18T08:46:05.329Z"
  }
},
{
  "model": "products.order",
  "pk": 34,
  "fields": {
    "full_name": "Prosper",
    "email": "test@mail.com",
    "phone": "",
    "amount": 1150000,
    "status": "pending",
    "paystack_ref": null,
    "created_at": "2026-06-18T08:46:09.899Z"
  }
},
{
  "model": "products.order",
  "pk": 35,
  "fields": {
    "full_name": "Prosper",
    "email": "test@mail.com",
    "phone": "",
    "amount": 350000,
    "status": "pending",
    "paystack_ref": "order_35",
    "created_at": "2026-06-18T10:40:17.106Z"
  }
},
{
  "model": "products.order",
  "pk": 36,
  "fields": {
    "full_name": "Prosper Ekube",
    "email": "prosperekube@gmail.com",
    "phone": "",
    "amount": 1210000,
    "status": "paid",
    "paystack_ref": "order_36",
    "created_at": "2026-07-03T15:59:14.343Z"
  }
},
{
  "model": "products.order",
  "pk": 37,
  "fields": {
    "full_name": "Prosper Ekube",
    "email": "prosperekube@gmail.com",
    "phone": "",
    "amount": 80000,
    "status": "pending",
    "paystack_ref": "order_37",
    "created_at": "2026-07-03T16:02:01.488Z"
  }
},
{
  "model": "products.order",
  "pk": 38,
  "fields": {
    "full_name": "Prosper",
    "email": "test@mail.com",
    "phone": "",
    "amount": 450000,
    "status": "paid",
    "paystack_ref": "order_38",
    "created_at": "2026-07-03T16:03:53.408Z"
  }
},
{
  "model": "products.order",
  "pk": 39,
  "fields": {
    "full_name": "Prosper Ekube",
    "email": "prosperekube@gmail.com",
    "phone": "07045839876",
    "amount": 1350000,
    "status": "paid",
    "paystack_ref": "order_39",
    "created_at": "2026-07-03T17:45:46.504Z"
  }
},
{
  "model": "products.order",
  "pk": 40,
  "fields": {
    "full_name": "Prosper Ekube",
    "email": "prosperekube@gmail.com",
    "phone": "07045839876",
    "amount": 80000,
    "status": "pending",
    "paystack_ref": "order_40",
    "created_at": "2026-07-04T04:27:04.847Z"
  }
},
{
  "model": "products.order",
  "pk": 41,
  "fields": {
    "full_name": "Prosper Ekube",
    "email": "prosperekube@gmail.com",
    "phone": "07045839876",
    "amount": 90000,
    "status": "paid",
    "paystack_ref": "order_41",
    "created_at": "2026-07-04T04:42:50.025Z"
  }
},
{
  "model": "products.order",
  "pk": 42,
  "fields": {
    "full_name": "Jason Grace",
    "email": "jasongrace@gmail.com",
    "phone": "08045986745",
    "amount": 80000,
    "status": "paid",
    "paystack_ref": "order_42",
    "created_at": "2026-07-04T04:53:01.177Z"
  }
},
{
  "model": "products.order",
  "pk": 43,
  "fields": {
    "full_name": "Prosper Ekube",
    "email": "prosperekube@gmail.com",
    "phone": "07045839876",
    "amount": 80000,
    "status": "paid",
    "paystack_ref": "order_43",
    "created_at": "2026-07-04T09:58:06.030Z"
  }
},
{
  "model": "products.order",
  "pk": 44,
  "fields": {
    "full_name": "Prosper Ekube",
    "email": "prosperekube@gmail.com",
    "phone": "07045839876",
    "amount": 80000,
    "status": "paid",
    "paystack_ref": "order_44",
    "created_at": "2026-07-04T10:10:09.755Z"
  }
},
{
  "model": "products.order",
  "pk": 45,
  "fields": {
    "full_name": "Prosper Ekube",
    "email": "prosperekube@gmail.com",
    "phone": "07045839876",
    "amount": 1240000,
    "status": "paid",
    "paystack_ref": "order_45",
    "created_at": "2026-07-04T12:21:57.775Z"
  }
},
{
  "model": "products.order",
  "pk": 46,
  "fields": {
    "full_name": "Prosper Ekube",
    "email": "prosperekube@gmail.com",
    "phone": "07045839876",
    "amount": 80000,
    "status": "paid",
    "paystack_ref": "order_46",
    "created_at": "2026-07-04T12:22:47.267Z"
  }
},
{
  "model": "products.orderitem",
  "pk": 1,
  "fields": {
    "order": 1,
    "product": 9,
    "quantity": 1,
    "price_at_purchase": 0
  }
},
{
  "model": "products.orderitem",
  "pk": 2,
  "fields": {
    "order": 2,
    "product": 9,
    "quantity": 1,
    "price_at_purchase": 0
  }
},
{
  "model": "products.orderitem",
  "pk": 3,
  "fields": {
    "order": 2,
    "product": 10,
    "quantity": 2,
    "price_at_purchase": 0
  }
},
{
  "model": "products.orderitem",
  "pk": 4,
  "fields": {
    "order": 3,
    "product": 7,
    "quantity": 1,
    "price_at_purchase": 0
  }
},
{
  "model": "products.orderitem",
  "pk": 5,
  "fields": {
    "order": 3,
    "product": 7,
    "quantity": 1,
    "price_at_purchase": 0
  }
},
{
  "model": "products.orderitem",
  "pk": 6,
  "fields": {
    "order": 4,
    "product": 6,
    "quantity": 1,
    "price_at_purchase": 0
  }
},
{
  "model": "products.orderitem",
  "pk": 7,
  "fields": {
    "order": 4,
    "product": 6,
    "quantity": 1,
    "price_at_purchase": 0
  }
},
{
  "model": "products.orderitem",
  "pk": 8,
  "fields": {
    "order": 5,
    "product": 7,
    "quantity": 1,
    "price_at_purchase": 0
  }
},
{
  "model": "products.orderitem",
  "pk": 9,
  "fields": {
    "order": 5,
    "product": 7,
    "quantity": 1,
    "price_at_purchase": 0
  }
},
{
  "model": "products.orderitem",
  "pk": 10,
  "fields": {
    "order": 6,
    "product": 7,
    "quantity": 1,
    "price_at_purchase": 0
  }
},
{
  "model": "products.orderitem",
  "pk": 11,
  "fields": {
    "order": 6,
    "product": 7,
    "quantity": 1,
    "price_at_purchase": 0
  }
},
{
  "model": "products.orderitem",
  "pk": 12,
  "fields": {
    "order": 7,
    "product": 7,
    "quantity": 1,
    "price_at_purchase": 0
  }
},
{
  "model": "products.orderitem",
  "pk": 13,
  "fields": {
    "order": 7,
    "product": 7,
    "quantity": 1,
    "price_at_purchase": 0
  }
},
{
  "model": "products.orderitem",
  "pk": 14,
  "fields": {
    "order": 8,
    "product": 7,
    "quantity": 1,
    "price_at_purchase": 0
  }
},
{
  "model": "products.orderitem",
  "pk": 15,
  "fields": {
    "order": 8,
    "product": 7,
    "quantity": 1,
    "price_at_purchase": 0
  }
},
{
  "model": "products.orderitem",
  "pk": 16,
  "fields": {
    "order": 9,
    "product": 7,
    "quantity": 1,
    "price_at_purchase": 0
  }
},
{
  "model": "products.orderitem",
  "pk": 17,
  "fields": {
    "order": 9,
    "product": 7,
    "quantity": 1,
    "price_at_purchase": 0
  }
},
{
  "model": "products.orderitem",
  "pk": 18,
  "fields": {
    "order": 10,
    "product": 7,
    "quantity": 1,
    "price_at_purchase": 0
  }
},
{
  "model": "products.orderitem",
  "pk": 19,
  "fields": {
    "order": 10,
    "product": 7,
    "quantity": 1,
    "price_at_purchase": 0
  }
},
{
  "model": "products.orderitem",
  "pk": 20,
  "fields": {
    "order": 11,
    "product": 7,
    "quantity": 1,
    "price_at_purchase": 0
  }
},
{
  "model": "products.orderitem",
  "pk": 21,
  "fields": {
    "order": 11,
    "product": 7,
    "quantity": 1,
    "price_at_purchase": 0
  }
},
{
  "model": "products.orderitem",
  "pk": 22,
  "fields": {
    "order": 12,
    "product": 7,
    "quantity": 1,
    "price_at_purchase": 0
  }
},
{
  "model": "products.orderitem",
  "pk": 23,
  "fields": {
    "order": 12,
    "product": 7,
    "quantity": 1,
    "price_at_purchase": 0
  }
},
{
  "model": "products.orderitem",
  "pk": 24,
  "fields": {
    "order": 13,
    "product": 7,
    "quantity": 1,
    "price_at_purchase": 0
  }
},
{
  "model": "products.orderitem",
  "pk": 25,
  "fields": {
    "order": 13,
    "product": 7,
    "quantity": 1,
    "price_at_purchase": 0
  }
},
{
  "model": "products.orderitem",
  "pk": 26,
  "fields": {
    "order": 14,
    "product": 6,
    "quantity": 1,
    "price_at_purchase": 0
  }
},
{
  "model": "products.orderitem",
  "pk": 27,
  "fields": {
    "order": 14,
    "product": 6,
    "quantity": 1,
    "price_at_purchase": 0
  }
},
{
  "model": "products.orderitem",
  "pk": 28,
  "fields": {
    "order": 15,
    "product": 6,
    "quantity": 1,
    "price_at_purchase": 0
  }
},
{
  "model": "products.orderitem",
  "pk": 29,
  "fields": {
    "order": 15,
    "product": 6,
    "quantity": 1,
    "price_at_purchase": 0
  }
},
{
  "model": "products.orderitem",
  "pk": 30,
  "fields": {
    "order": 16,
    "product": 6,
    "quantity": 1,
    "price_at_purchase": 0
  }
},
{
  "model": "products.orderitem",
  "pk": 31,
  "fields": {
    "order": 16,
    "product": 6,
    "quantity": 1,
    "price_at_purchase": 0
  }
},
{
  "model": "products.orderitem",
  "pk": 32,
  "fields": {
    "order": 17,
    "product": 6,
    "quantity": 1,
    "price_at_purchase": 0
  }
},
{
  "model": "products.orderitem",
  "pk": 33,
  "fields": {
    "order": 17,
    "product": 6,
    "quantity": 1,
    "price_at_purchase": 0
  }
},
{
  "model": "products.orderitem",
  "pk": 34,
  "fields": {
    "order": 18,
    "product": 6,
    "quantity": 1,
    "price_at_purchase": 0
  }
},
{
  "model": "products.orderitem",
  "pk": 35,
  "fields": {
    "order": 18,
    "product": 6,
    "quantity": 1,
    "price_at_purchase": 0
  }
},
{
  "model": "products.orderitem",
  "pk": 36,
  "fields": {
    "order": 19,
    "product": 6,
    "quantity": 1,
    "price_at_purchase": 0
  }
},
{
  "model": "products.orderitem",
  "pk": 37,
  "fields": {
    "order": 19,
    "product": 6,
    "quantity": 1,
    "price_at_purchase": 0
  }
},
{
  "model": "products.orderitem",
  "pk": 38,
  "fields": {
    "order": 20,
    "product": 6,
    "quantity": 1,
    "price_at_purchase": 0
  }
},
{
  "model": "products.orderitem",
  "pk": 39,
  "fields": {
    "order": 20,
    "product": 6,
    "quantity": 1,
    "price_at_purchase": 0
  }
},
{
  "model": "products.orderitem",
  "pk": 40,
  "fields": {
    "order": 21,
    "product": 6,
    "quantity": 1,
    "price_at_purchase": 0
  }
},
{
  "model": "products.orderitem",
  "pk": 41,
  "fields": {
    "order": 21,
    "product": 6,
    "quantity": 1,
    "price_at_purchase": 0
  }
},
{
  "model": "products.orderitem",
  "pk": 42,
  "fields": {
    "order": 22,
    "product": 6,
    "quantity": 1,
    "price_at_purchase": 0
  }
},
{
  "model": "products.orderitem",
  "pk": 43,
  "fields": {
    "order": 22,
    "product": 6,
    "quantity": 1,
    "price_at_purchase": 0
  }
},
{
  "model": "products.orderitem",
  "pk": 44,
  "fields": {
    "order": 23,
    "product": 10,
    "quantity": 1,
    "price_at_purchase": 0
  }
},
{
  "model": "products.orderitem",
  "pk": 45,
  "fields": {
    "order": 23,
    "product": 10,
    "quantity": 1,
    "price_at_purchase": 0
  }
},
{
  "model": "products.orderitem",
  "pk": 46,
  "fields": {
    "order": 24,
    "product": 9,
    "quantity": 1,
    "price_at_purchase": 0
  }
},
{
  "model": "products.orderitem",
  "pk": 47,
  "fields": {
    "order": 24,
    "product": 9,
    "quantity": 1,
    "price_at_purchase": 0
  }
},
{
  "model": "products.orderitem",
  "pk": 48,
  "fields": {
    "order": 25,
    "product": 11,
    "quantity": 1,
    "price_at_purchase": 0
  }
},
{
  "model": "products.orderitem",
  "pk": 49,
  "fields": {
    "order": 25,
    "product": 11,
    "quantity": 1,
    "price_at_purchase": 0
  }
},
{
  "model": "products.orderitem",
  "pk": 50,
  "fields": {
    "order": 26,
    "product": 9,
    "quantity": 1,
    "price_at_purchase": 0
  }
},
{
  "model": "products.orderitem",
  "pk": 51,
  "fields": {
    "order": 26,
    "product": 9,
    "quantity": 1,
    "price_at_purchase": 0
  }
},
{
  "model": "products.orderitem",
  "pk": 52,
  "fields": {
    "order": 27,
    "product": 7,
    "quantity": 1,
    "price_at_purchase": 0
  }
},
{
  "model": "products.orderitem",
  "pk": 53,
  "fields": {
    "order": 27,
    "product": 7,
    "quantity": 1,
    "price_at_purchase": 0
  }
},
{
  "model": "products.orderitem",
  "pk": 54,
  "fields": {
    "order": 28,
    "product": 6,
    "quantity": 1,
    "price_at_purchase": 0
  }
},
{
  "model": "products.orderitem",
  "pk": 55,
  "fields": {
    "order": 28,
    "product": 6,
    "quantity": 1,
    "price_at_purchase": 0
  }
},
{
  "model": "products.orderitem",
  "pk": 56,
  "fields": {
    "order": 29,
    "product": 6,
    "quantity": 1,
    "price_at_purchase": 0
  }
},
{
  "model": "products.orderitem",
  "pk": 57,
  "fields": {
    "order": 29,
    "product": 6,
    "quantity": 1,
    "price_at_purchase": 0
  }
},
{
  "model": "products.orderitem",
  "pk": 58,
  "fields": {
    "order": 30,
    "product": 6,
    "quantity": 1,
    "price_at_purchase": 0
  }
},
{
  "model": "products.orderitem",
  "pk": 59,
  "fields": {
    "order": 30,
    "product": 6,
    "quantity": 1,
    "price_at_purchase": 0
  }
},
{
  "model": "products.orderitem",
  "pk": 60,
  "fields": {
    "order": 31,
    "product": 6,
    "quantity": 1,
    "price_at_purchase": 0
  }
},
{
  "model": "products.orderitem",
  "pk": 61,
  "fields": {
    "order": 31,
    "product": 6,
    "quantity": 1,
    "price_at_purchase": 0
  }
},
{
  "model": "products.orderitem",
  "pk": 62,
  "fields": {
    "order": 32,
    "product": 6,
    "quantity": 1,
    "price_at_purchase": 0
  }
},
{
  "model": "products.orderitem",
  "pk": 63,
  "fields": {
    "order": 32,
    "product": 6,
    "quantity": 1,
    "price_at_purchase": 0
  }
},
{
  "model": "products.orderitem",
  "pk": 64,
  "fields": {
    "order": 33,
    "product": 6,
    "quantity": 1,
    "price_at_purchase": 0
  }
},
{
  "model": "products.orderitem",
  "pk": 65,
  "fields": {
    "order": 33,
    "product": 6,
    "quantity": 1,
    "price_at_purchase": 0
  }
},
{
  "model": "products.orderitem",
  "pk": 66,
  "fields": {
    "order": 34,
    "product": 6,
    "quantity": 1,
    "price_at_purchase": 0
  }
},
{
  "model": "products.orderitem",
  "pk": 67,
  "fields": {
    "order": 34,
    "product": 6,
    "quantity": 1,
    "price_at_purchase": 0
  }
},
{
  "model": "products.orderitem",
  "pk": 68,
  "fields": {
    "order": 35,
    "product": 14,
    "quantity": 1,
    "price_at_purchase": 0
  }
},
{
  "model": "products.orderitem",
  "pk": 69,
  "fields": {
    "order": 35,
    "product": 14,
    "quantity": 1,
    "price_at_purchase": 0
  }
},
{
  "model": "products.orderitem",
  "pk": 70,
  "fields": {
    "order": 36,
    "product": 9,
    "quantity": 1,
    "price_at_purchase": 0
  }
},
{
  "model": "products.orderitem",
  "pk": 71,
  "fields": {
    "order": 36,
    "product": 9,
    "quantity": 1,
    "price_at_purchase": 0
  }
},
{
  "model": "products.orderitem",
  "pk": 72,
  "fields": {
    "order": 36,
    "product": 10,
    "quantity": 1,
    "price_at_purchase": 0
  }
},
{
  "model": "products.orderitem",
  "pk": 73,
  "fields": {
    "order": 36,
    "product": 10,
    "quantity": 1,
    "price_at_purchase": 0
  }
},
{
  "model": "products.orderitem",
  "pk": 74,
  "fields": {
    "order": 36,
    "product": 6,
    "quantity": 1,
    "price_at_purchase": 0
  }
},
{
  "model": "products.orderitem",
  "pk": 75,
  "fields": {
    "order": 36,
    "product": 6,
    "quantity": 1,
    "price_at_purchase": 0
  }
},
{
  "model": "products.orderitem",
  "pk": 76,
  "fields": {
    "order": 37,
    "product": 7,
    "quantity": 1,
    "price_at_purchase": 0
  }
},
{
  "model": "products.orderitem",
  "pk": 77,
  "fields": {
    "order": 37,
    "product": 7,
    "quantity": 1,
    "price_at_purchase": 0
  }
},
{
  "model": "products.orderitem",
  "pk": 78,
  "fields": {
    "order": 38,
    "product": 11,
    "quantity": 1,
    "price_at_purchase": 0
  }
},
{
  "model": "products.orderitem",
  "pk": 79,
  "fields": {
    "order": 38,
    "product": 11,
    "quantity": 1,
    "price_at_purchase": 0
  }
},
{
  "model": "products.orderitem",
  "pk": 80,
  "fields": {
    "order": 39,
    "product": 11,
    "quantity": 3,
    "price_at_purchase": 450000
  }
},
{
  "model": "products.orderitem",
  "pk": 81,
  "fields": {
    "order": 40,
    "product": 7,
    "quantity": 1,
    "price_at_purchase": 80000
  }
},
{
  "model": "products.orderitem",
  "pk": 82,
  "fields": {
    "order": 41,
    "product": 8,
    "quantity": 1,
    "price_at_purchase": 90000
  }
},
{
  "model": "products.orderitem",
  "pk": 83,
  "fields": {
    "order": 42,
    "product": 7,
    "quantity": 1,
    "price_at_purchase": 80000
  }
},
{
  "model": "products.orderitem",
  "pk": 84,
  "fields": {
    "order": 43,
    "product": 7,
    "quantity": 1,
    "price_at_purchase": 80000
  }
},
{
  "model": "products.orderitem",
  "pk": 85,
  "fields": {
    "order": 44,
    "product": 7,
    "quantity": 1,
    "price_at_purchase": 80000
  }
},
{
  "model": "products.orderitem",
  "pk": 86,
  "fields": {
    "order": 45,
    "product": 6,
    "quantity": 1,
    "price_at_purchase": 1150000
  }
},
{
  "model": "products.orderitem",
  "pk": 87,
  "fields": {
    "order": 45,
    "product": 8,
    "quantity": 1,
    "price_at_purchase": 90000
  }
},
{
  "model": "products.orderitem",
  "pk": 88,
  "fields": {
    "order": 46,
    "product": 7,
    "quantity": 1,
    "price_at_purchase": 80000
  }
},
{
  "model": "products.review",
  "pk": 2,
  "fields": {
    "product": 7,
    "name": "Adebayo Olamide",
    "text": "Clean installation and it blends nicely with my wall finish. Works reliably with my smart setup and has been stable so far.",
    "rating": 5,
    "created_at": "2026-06-18T11:53:36.885Z"
  }
},
{
  "model": "products.review",
  "pk": 3,
  "fields": {
    "product": 7,
    "name": "Ifeoma Chukwuemeka",
    "text": "The switch is solid and modern, but pairing it with my hub took some trial and error before it worked properly.",
    "rating": 4,
    "created_at": "2026-06-18T11:54:02.640Z"
  }
},
{
  "model": "products.review",
  "pk": 4,
  "fields": {
    "product": 7,
    "name": "Chinedu Okafor",
    "text": "Very responsive and looks premium compared to regular switches. Automation features work smoothly once configured.",
    "rating": 5,
    "created_at": "2026-06-18T11:54:41.401Z"
  }
},
{
  "model": "products.review",
  "pk": 5,
  "fields": {
    "product": 7,
    "name": "Oluwatoyin Balogun",
    "text": "It functions well, but I expected a more intuitive setup process. Not very beginner-friendly out of the box.",
    "rating": 3,
    "created_at": "2026-06-18T11:55:07.613Z"
  }
},
{
  "model": "products.review",
  "pk": 6,
  "fields": {
    "product": 7,
    "name": "Emmanuel Nwafor",
    "text": "Stable performance and no disconnections since installation. It has made controlling my lights much easier.",
    "rating": 5,
    "created_at": "2026-06-18T11:55:37.447Z"
  }
},
{
  "model": "products.review",
  "pk": 7,
  "fields": {
    "product": 7,
    "name": "Amaka Nnaji",
    "text": "Good product overall, but the app response sometimes delays by a second or two.",
    "rating": 4,
    "created_at": "2026-06-18T11:56:08.647Z"
  }
},
{
  "model": "products.review",
  "pk": 8,
  "fields": {
    "product": 7,
    "name": "Segun Adeyemi",
    "text": "Works as expected and gives a clean smart-home upgrade. Build quality feels durable and premium.",
    "rating": 5,
    "created_at": "2026-06-18T11:56:35.823Z"
  }
},
{
  "model": "products.review",
  "pk": 9,
  "fields": {
    "product": 7,
    "name": "Ngozi Ume",
    "text": "It’s okay for basic control, but I think it needs better instructions for first-time users.",
    "rating": 3,
    "created_at": "2026-06-18T11:57:09.183Z"
  }
},
{
  "model": "products.review",
  "pk": 10,
  "fields": {
    "product": 6,
    "name": "Chinedu Okafor",
    "text": "Easy to set up and it connected all my Zigbee devices quickly. Has been stable since installation.",
    "rating": 5,
    "created_at": "2026-06-18T11:58:17.271Z"
  }
},
{
  "model": "products.review",
  "pk": 11,
  "fields": {
    "product": 6,
    "name": "Adebayo Olumide",
    "text": "Works well overall, but I had to restart it once during initial pairing. After that, it’s been fine.",
    "rating": 4,
    "created_at": "2026-06-18T11:58:50.874Z"
  }
},
{
  "model": "products.review",
  "pk": 12,
  "fields": {
    "product": 6,
    "name": "Ifeoma Nwosu",
    "text": "Compact design is a plus and it doesn’t take space. Integration with my smart switches is smooth.",
    "rating": 5,
    "created_at": "2026-06-18T11:59:17.501Z"
  }
},
{
  "model": "products.review",
  "pk": 13,
  "fields": {
    "product": 6,
    "name": "Emeka Ugochukwu",
    "text": "It gets the job done, but the setup process wasn’t very beginner-friendly. Took some trial and error.",
    "rating": 3,
    "created_at": "2026-06-18T11:59:44.601Z"
  }
},
{
  "model": "products.review",
  "pk": 14,
  "fields": {
    "product": 6,
    "name": "Oluwaseun Adeyemi",
    "text": "Very reliable hub. My lights and sensors respond faster now compared to my old setup.",
    "rating": 5,
    "created_at": "2026-06-18T12:00:07.661Z"
  }
},
{
  "model": "products.review",
  "pk": 15,
  "fields": {
    "product": 6,
    "name": "Ngozi Chukwu",
    "text": "Performance is solid, but I wish the app gave more detailed feedback during pairing.",
    "rating": 4,
    "created_at": "2026-06-18T12:00:38.241Z"
  }
},
{
  "model": "products.review",
  "pk": 16,
  "fields": {
    "product": 6,
    "name": "Daniel Olatunji",
    "text": "Strong connectivity and no drops so far. It handles multiple devices without issues.",
    "rating": 5,
    "created_at": "2026-06-18T12:01:03.903Z"
  }
},
{
  "model": "products.review",
  "pk": 17,
  "fields": {
    "product": 8,
    "name": "Hauwa Abdullahi",
    "text": "Decent camera for home monitoring. I like the recording options, but app notifications can be delayed sometimes.",
    "rating": 4,
    "created_at": "2026-06-18T12:03:56.491Z"
  }
},
{
  "model": "products.review",
  "pk": 18,
  "fields": {
    "product": 8,
    "name": "Yakubu Danladi",
    "text": "Strong performance and easy integration with other smart devices in my home system.",
    "rating": 5,
    "created_at": "2026-06-18T12:04:26.665Z"
  }
},
{
  "model": "products.review",
  "pk": 19,
  "fields": {
    "product": 8,
    "name": "Peter Njoroge",
    "text": "Works fine for basic security needs. Not the most advanced camera, but it’s dependable.",
    "rating": 4,
    "created_at": "2026-06-18T12:04:50.357Z"
  }
},
{
  "model": "products.review",
  "pk": 20,
  "fields": {
    "product": 8,
    "name": "Grace Nkansah",
    "text": "Good build quality and clear daytime footage. Setup instructions could be improved.",
    "rating": 4,
    "created_at": "2026-06-18T12:05:27.939Z"
  }
},
{
  "model": "products.review",
  "pk": 21,
  "fields": {
    "product": 8,
    "name": "Mark Thompson",
    "text": "Solid performance overall. Remote access works smoothly and hasn’t failed so far.",
    "rating": 5,
    "created_at": "2026-06-18T12:05:55.196Z"
  }
},
{
  "model": "products.review",
  "pk": 22,
  "fields": {
    "product": 9,
    "name": "Chukwuemeka Eze",
    "text": "Bright and clean lighting. The magnetic track system makes repositioning very easy without tools.",
    "rating": 5,
    "created_at": "2026-06-18T12:09:08.386Z"
  }
},
{
  "model": "products.review",
  "pk": 23,
  "fields": {
    "product": 9,
    "name": "Oluwafunmilayo Akinyemi",
    "text": "Good ambient lighting, but I had to fine-tune placement to avoid uneven coverage in my living room.",
    "rating": 4,
    "created_at": "2026-06-18T12:09:44.799Z"
  }
},
{
  "model": "products.review",
  "pk": 24,
  "fields": {
    "product": 9,
    "name": "Abdullahi Sani",
    "text": "Solid product. It integrates well with my smart home setup and responds quickly to commands.",
    "rating": 4,
    "created_at": "2026-06-18T12:10:22.794Z"
  }
},
{
  "model": "products.review",
  "pk": 25,
  "fields": {
    "product": 9,
    "name": "Bisi Afolabi",
    "text": "Works fine overall, but I expected slightly higher brightness for larger rooms.",
    "rating": 3,
    "created_at": "2026-06-18T12:10:49.359Z"
  }
},
{
  "model": "products.review",
  "pk": 26,
  "fields": {
    "product": 9,
    "name": "Adaora Nwachukwu",
    "text": "Very smooth dimming and color temperature control. It creates a nice mood in the evenings.",
    "rating": 5,
    "created_at": "2026-06-18T12:11:15.951Z"
  }
},
{
  "model": "products.review",
  "pk": 27,
  "fields": {
    "product": 10,
    "name": "Ikenna Maduka",
    "text": "Clean retrofit solution. It fits behind my existing wall plate and works reliably with my Zigbee setup.",
    "rating": 5,
    "created_at": "2026-06-18T12:12:12.972Z"
  }
},
{
  "model": "products.review",
  "pk": 28,
  "fields": {
    "product": 10,
    "name": "Oluwafunmilayo Akinyemi",
    "text": "Good product overall, but installation required a bit of electrical understanding to get right.",
    "rating": 4,
    "created_at": "2026-06-18T12:12:37.932Z"
  }
},
{
  "model": "products.review",
  "pk": 29,
  "fields": {
    "product": 10,
    "name": "Esther Idowu",
    "text": "Decent switch module. Occasionally takes a second to respond in the app, but nothing major.",
    "rating": 4,
    "created_at": "2026-06-18T12:13:05.714Z"
  }
},
{
  "model": "products.review",
  "pk": 30,
  "fields": {
    "product": 10,
    "name": "Aisha Mohammed",
    "text": "Works well with my Zigbee hub. Installation was straightforward for my electrician.",
    "rating": 5,
    "created_at": "2026-06-18T12:13:41.815Z"
  }
},
{
  "model": "products.review",
  "pk": 31,
  "fields": {
    "product": 10,
    "name": "Victor Ojo",
    "text": "Solid performance and clean integration, but app response can be slightly delayed at times.",
    "rating": 4,
    "created_at": "2026-06-18T12:14:14.451Z"
  }
},
{
  "model": "products.review",
  "pk": 32,
  "fields": {
    "product": 11,
    "name": "Tariq Bello",
    "text": "Strong visual impact and flexible layout options. Lighting transitions are smooth and create a premium feel.",
    "rating": 5,
    "created_at": "2026-06-18T12:18:16.155Z"
  }
},
{
  "model": "products.review",
  "pk": 33,
  "fields": {
    "product": 11,
    "name": "Ngozi Anozie",
    "text": "Looks elegant in my living room, but initial setup took longer than expected.",
    "rating": 4,
    "created_at": "2026-06-18T12:18:48.652Z"
  }
},
{
  "model": "products.review",
  "pk": 34,
  "fields": {
    "product": 11,
    "name": "Seun Adegoke",
    "text": "Decent performance overall. It works well, but I’ve had a few moments where one module didn’t respond immediately.",
    "rating": 3,
    "created_at": "2026-06-18T12:19:43.296Z"
  }
},
{
  "model": "products.review",
  "pk": 35,
  "fields": {
    "product": 11,
    "name": "Zainab Yusuf",
    "text": "Not impressed. The brightness is uneven across modules and doesn’t fully light up my space.",
    "rating": 2,
    "created_at": "2026-06-18T12:20:13.299Z"
  }
},
{
  "model": "products.review",
  "pk": 36,
  "fields": {
    "product": 11,
    "name": "Musa Ibrahim",
    "text": "Below expectations. Connectivity issues made setup frustrating and inconsistent.",
    "rating": 1,
    "created_at": "2026-06-18T12:20:37.843Z"
  }
},
{
  "model": "products.review",
  "pk": 37,
  "fields": {
    "product": 11,
    "name": "Jan Novak",
    "text": "Good smart lighting system overall, but pricing feels a bit high compared to alternatives.",
    "rating": 3,
    "created_at": "2026-06-18T12:21:14.554Z"
  }
},
{
  "model": "products.review",
  "pk": 38,
  "fields": {
    "product": 12,
    "name": "Femi Adegbola",
    "text": "Very solid central control panel. I like having lighting and security controls in one place.",
    "rating": 5,
    "created_at": "2026-06-18T12:22:05.073Z"
  }
},
{
  "model": "products.review",
  "pk": 39,
  "fields": {
    "product": 12,
    "name": "Chioma Umeh",
    "text": "Works well and feels premium, but the interface took me a bit of time to understand fully.",
    "rating": 4,
    "created_at": "2026-06-18T12:22:32.417Z"
  }
},
{
  "model": "products.review",
  "pk": 40,
  "fields": {
    "product": 12,
    "name": "Suleiman Adamu",
    "text": "Good device overall. It controls my smart home reliably, but setup wasn’t very straightforward.",
    "rating": 4,
    "created_at": "2026-06-18T12:22:57.931Z"
  }
},
{
  "model": "products.review",
  "pk": 41,
  "fields": {
    "product": 12,
    "name": "Kehinde Oladipo",
    "text": "Not bad, but I expected faster response when switching between scenes.",
    "rating": 3,
    "created_at": "2026-06-18T12:23:29.003Z"
  }
},
{
  "model": "products.review",
  "pk": 42,
  "fields": {
    "product": 12,
    "name": "Ibrahim Danjuma",
    "text": "Very reliable after setup. It has made controlling my home automation much easier.",
    "rating": 5,
    "created_at": "2026-06-18T12:23:57.581Z"
  }
},
{
  "model": "products.review",
  "pk": 43,
  "fields": {
    "product": 14,
    "name": "Aminu Garba",
    "text": "Very good smart panel. It connects different devices easily and keeps everything in one control point.",
    "rating": 5,
    "created_at": "2026-06-18T12:24:47.392Z"
  }
},
{
  "model": "products.review",
  "pk": 44,
  "fields": {
    "product": 14,
    "name": "Ezinne Okechukwu",
    "text": "Solid performance, but the interface took some time to get used to at first.",
    "rating": 4,
    "created_at": "2026-06-18T12:25:19.257Z"
  }
},
{
  "model": "products.review",
  "pk": 45,
  "fields": {
    "product": 14,
    "name": "Babatunde Salami",
    "text": "Works fine overall, but I noticed slight delays when switching between complex scenes.",
    "rating": 3,
    "created_at": "2026-06-18T12:26:00.753Z"
  }
},
{
  "model": "products.review",
  "pk": 46,
  "fields": {
    "product": 14,
    "name": "Luca Bianchi",
    "text": "Decent device, but I feel the price is a bit high for what it currently offers.",
    "rating": 3,
    "created_at": "2026-06-18T12:26:29.069Z"
  }
},
{
  "model": "products.review",
  "pk": 47,
  "fields": {
    "product": 15,
    "name": "Ugochukwu Madu",
    "text": "Very useful for monitoring doors. Integrates smoothly with my alarm system.",
    "rating": 5,
    "created_at": "2026-06-18T13:12:10.620Z"
  }
},
{
  "model": "products.review",
  "pk": 48,
  "fields": {
    "product": 15,
    "name": "Temitope Akinwale",
    "text": "Decent device, but battery cover feels a bit flimsy.",
    "rating": 4,
    "created_at": "2026-06-18T13:12:35.877Z"
  }
},
{
  "model": "products.review",
  "pk": 49,
  "fields": {
    "product": 15,
    "name": "Chuwkudi Chukwu",
    "text": "Not very stable at first. It disconnected once, but has been fine since I re-paired it.",
    "rating": 3,
    "created_at": "2026-06-18T13:13:21.943Z"
  }
},
{
  "model": "products.review",
  "pk": 50,
  "fields": {
    "product": 16,
    "name": "Nkechi Omeh",
    "text": "Loud alarm and fast detection. Gives peace of mind knowing it responds quickly to smoke.",
    "rating": 5,
    "created_at": "2026-06-18T13:13:52.279Z"
  }
},
{
  "model": "products.review",
  "pk": 51,
  "fields": {
    "product": 16,
    "name": "Aliyu Bashir",
    "text": "Works well, but I tested it and the alarm is quite sensitive even to light smoke.",
    "rating": 4,
    "created_at": "2026-06-18T13:14:25.925Z"
  }
},
{
  "model": "products.review",
  "pk": 52,
  "fields": {
    "product": 16,
    "name": "Seun Adebiran",
    "text": "Works fine, but battery life could be better based on my usage.",
    "rating": 3,
    "created_at": "2026-06-18T13:14:57.502Z"
  }
},
{
  "model": "products.review",
  "pk": 53,
  "fields": {
    "product": 17,
    "name": "Chiamaka Okoye",
    "text": "Very helpful device. It detected a small kitchen leak early and saved me from damage.",
    "rating": 5,
    "created_at": "2026-06-18T13:15:29.701Z"
  }
},
{
  "model": "products.review",
  "pk": 54,
  "fields": {
    "product": 17,
    "name": "Yakubu Danjuma",
    "text": "Works as expected, but sometimes takes a second or two before sending alerts.",
    "rating": 4,
    "created_at": "2026-06-18T13:15:55.865Z"
  }
},
{
  "model": "products.review",
  "pk": 55,
  "fields": {
    "product": 17,
    "name": "Grace Nkansah",
    "text": "Reliable and simple to use. I placed it under my sink and it works perfectly.",
    "rating": 5,
    "created_at": "2026-06-18T13:16:21.469Z"
  }
}
]
